StartDate,EndDate,Status,IPAddress,Progress,Duration (in seconds),Finished,RecordedDate,ResponseId,RecipientLastName,RecipientFirstName,RecipientEmail,ExternalReference,LocationLatitude,LocationLongitude,DistributionChannel,UserLanguage,Q1,Q2,Q3,Q4,Q5,Q6,Q7,Q8,Q9,Q10,Q11,Q12,Q13,Q14,Q15,Q16,Q17,Q18,Q24,Q25,Q34,Q26,PROLIFIC_PID
Start Date,End Date,Response Type,IP Address,Progress,Duration (in seconds),Finished,Recorded Date,Response ID,Recipient Last Name,Recipient First Name,Recipient Email,External Data Reference,Location Latitude,Location Longitude,Distribution Channel,User Language,Are you inclined to keep in the background on social occasions?,Do you like to mix socially with people?,"Do you sometimes feel happy, sometimes depressed, without any apparent reason?",Are you inclined to limit your acquantances to a select few?,Do you like to have many social engagements?,"Do you have frequent ups and downs in mood, either with or without apparent cause?",Would you rate yourself as a happy-go-lucky individual?,Can you usually let yourself go and have a good time at a party?,Are you inclined to be moody?,Would you be very unhappy if you were prevented from making numerous social contacts?,Do you usually take the initiative in making new friends?,Does your mind often wander while you are trying to concentrate?,Do you like to play pranks upon others?,"Are you usually a ""good mixer""?",Are you sometimes bubbling over with energy and sometimes very sluggish?,"Do you often ""have the time of your life"" at social affairs?","Are you frequently ""lost in thought"" even when you should be taking part in a conversation ?",Do you derive more satisfaction from social activities than from anything else?,How likely are you to purchase this popcorn?,How likely are you to purchase this popcorn?,How likely are you to purchase this popcorn?,How likely are you to purchase this popcorn?,PROLIFIC_PID
"{""ImportId"":""startDate"",""timeZone"":""America/Denver""}","{""ImportId"":""endDate"",""timeZone"":""America/Denver""}","{""ImportId"":""status""}","{""ImportId"":""ipAddress""}","{""ImportId"":""progress""}","{""ImportId"":""duration""}","{""ImportId"":""finished""}","{""ImportId"":""recordedDate"",""timeZone"":""America/Denver""}","{""ImportId"":""_recordId""}","{""ImportId"":""recipientLastName""}","{""ImportId"":""recipientFirstName""}","{""ImportId"":""recipientEmail""}","{""ImportId"":""externalDataReference""}","{""ImportId"":""locationLatitude""}","{""ImportId"":""locationLongitude""}","{""ImportId"":""distributionChannel""}","{""ImportId"":""userLanguage""}","{""ImportId"":""QID1""}","{""ImportId"":""QID2""}","{""ImportId"":""QID3""}","{""ImportId"":""QID4""}","{""ImportId"":""QID5""}","{""ImportId"":""QID6""}","{""ImportId"":""QID7""}","{""ImportId"":""QID8""}","{""ImportId"":""QID9""}","{""ImportId"":""QID10""}","{""ImportId"":""QID11""}","{""ImportId"":""QID12""}","{""ImportId"":""QID13""}","{""ImportId"":""QID14""}","{""ImportId"":""QID15""}","{""ImportId"":""QID16""}","{""ImportId"":""QID17""}","{""ImportId"":""QID18""}","{""ImportId"":""QID24""}","{""ImportId"":""QID25""}","{""ImportId"":""QID34""}","{""ImportId"":""QID26""}","{""ImportId"":""PROLIFIC_PID""}"
2023-02-21 20:18:29,2023-02-21 20:20:28,Survey Preview,,100,118,True,2023-02-21 20:20:29,R_1Yo2BN0lVu2HJBf,,,,,42.055,-87.6951,preview,EN,Yes,Yes,Yes,Yes,Undecided,Yes,No,No,No,Yes,Yes,Yes,No,No,Yes,No,Yes,No,,Somewhat likely,,,
2023-02-21 20:18:03,2023-02-21 20:20:44,Survey Preview,,100,160,True,2023-02-21 20:20:46,R_12uwB1qi75wz7pP,,,,,42.055,-87.6951,preview,EN,No,Yes,No,Yes,Yes,No,Yes,Yes,No,Yes,Yes,No,No,Yes,No,Yes,Undecided,Undecided,Somewhat unlikely,,,,
2023-02-21 20:18:12,2023-02-21 20:20:47,Survey Preview,,100,155,True,2023-02-21 20:20:48,R_2CO1w9djS0nXwWE,,,,,42.0311,-87.6858,preview,EN,Yes,Yes,Undecided,Yes,Yes,No,Undecided,Undecided,No,Undecided,No,Undecided,No,Yes,No,Undecided,Undecided,No,,,,Somewhat unlikely,
2023-02-21 20:29:49,2023-02-21 20:30:19,Survey Preview,,100,30,True,2023-02-21 20:30:20,R_6YjJAIysRkCDdXr,,,,,42.055,-87.6951,preview,EN,,,,,,,,,,,,,,,,,,,,,,,
2023-02-21 20:30:19,2023-02-21 20:30:59,Survey Preview,,100,39,True,2023-02-21 20:31:00,R_TvCxUpEzL39Amk1,,,,,42.055,-87.6951,preview,EN,Yes,Yes,Yes,Yes,Yes,Yes,Yes,Yes,Yes,Yes,Yes,Yes,Undecided,Yes,Yes,Yes,Yes,Yes,,,,,
2023-02-21 20:38:34,2023-02-21 20:38:45,Survey Preview,,100,11,True,2023-02-21 20:38:45,R_2Bhejd2BC1oGID1,,,,,42.055,-87.6951,preview,EN,,,,,,,,,,,,,,,,,,,,,,,
2023-02-21 20:39:40,2023-02-21 20:40:06,Survey Preview,,100,25,True,2023-02-21 20:40:06,R_1dBtdsQJ5WInGWo,,,,,42.0311,-87.6858,preview,EN,,,,,,,,,,,,,,,,,,,,,,,
2023-02-21 20:40:24,2023-02-21 20:40:41,Survey Preview,,100,17,True,2023-02-21 20:40:42,R_10qrTQna0GBkvss,,,,,42.055,-87.6951,preview,EN,,,,,,,,,,,,,,,,,,,,,,,
2023-02-22 12:48:37,2023-02-22 12:48:47,IP Address,165.124.85.54,100,10,True,2023-02-22 12:48:48,R_2S1XFCdSQn2hMsJ,,,,,42.055,-87.6951,anonymous,EN,,,,,,,,,,,,,,,,,,,,,,,63f581228431788fb48d2342
2023-02-22 13:06:12,2023-02-22 13:07:17,IP Address,35.132.244.250,100,64,True,2023-02-22 13:07:17,R_25BB05XkpzujGcF,,,,,35.6854,-88.8281,anonymous,EN,Yes,Yes,Yes,Yes,Yes,Undecided,Yes,Yes,No,Yes,No,Yes,Undecided,Yes,Yes,Yes,Yes,Yes,Somewhat likely,,,,60fd8dc2b12af8c3af8091eb
2023-02-22 13:09:28,2023-02-22 13:10:55,IP Address,205.178.124.99,100,87,True,2023-02-22 13:10:56,R_cRYLsclupSk9bwt,,,,,41.8482,-87.6521,anonymous,EN,Undecided,Undecided,Yes,No,Undecided,Yes,Yes,Yes,Undecided,Yes,No,Yes,No,Undecided,Yes,Undecided,Yes,Undecided,,,,Neither likely nor unlikely,5f6d0c1efaad4d16c44fdd6d
2023-02-22 13:07:53,2023-02-22 13:11:32,IP Address,174.238.49.232,100,218,True,2023-02-22 13:11:33,R_2TAcFXquTJx1Qc9,,,,,39.8291,-86.0859,anonymous,EN,No,Yes,Yes,No,Yes,No,Yes,Yes,Yes,Yes,Yes,Yes,Yes,Yes,Yes,Yes,Undecided,Yes,,Somewhat likely,,,6298ab96c034938f22451149
2023-02-22 13:11:09,2023-02-22 13:11:57,IP Address,172.56.36.202,100,47,True,2023-02-22 13:11:58,R_2YWduAfyDUqDgp7,,,,,40.7643,-74.148,anonymous,EN,Yes,Yes,Yes,Yes,Yes,Yes,Yes,Yes,Yes,Yes,Yes,Yes,Yes,Yes,Yes,Undecided,Yes,Yes,,,Extremely likely,,610f0a65e39ea57ec04adec5
2023-02-22 13:13:17,2023-02-22 13:14:06,IP Address,73.68.82.237,100,48,True,2023-02-22 13:14:06,R_8B114a6aCknaHUB,,,,,41.3625,-72.0449,anonymous,EN,Undecided,Yes,Yes,Yes,Undecided,Yes,Yes,No,Yes,Yes,Undecided,Yes,No,No,Yes,Undecided,Yes,No,,Somewhat likely,,,60fa5b25a5a4f10f086e14b3
2023-02-22 13:17:18,2023-02-22 13:18:59,IP Address,96.66.123.37,100,101,True,2023-02-22 13:19:00,R_qxYTS4kMpAVIVI5,,,,,34.9007,-90.0111,anonymous,EN,Yes,Undecided,Yes,Yes,No,Yes,No,No,Yes,No,No,Yes,No,No,Yes,Undecided,Yes,No,Neither likely nor unlikely,,,,5e2a4ad0e8a5c40ab6f047c5
2023-02-22 13:21:37,2023-02-22 13:22:41,IP Address,69.113.80.170,100,64,True,2023-02-22 13:22:42,R_2dnGiqkeoyLq2ps,,,,,40.5802,-74.3594,anonymous,EN,No,Yes,Yes,Yes,No,No,No,Undecided,Undecided,Yes,No,Yes,No,Undecided,No,No,No,No,,,,Neither likely nor unlikely,63edb6401c8f280841255a82
2023-02-22 13:26:32,2023-02-22 13:27:36,IP Address,73.147.144.31,100,63,True,2023-02-22 13:27:37,R_1kYrTCaf7jCq7Uv,,,,,38.4475,-78.8693,anonymous,EN,No,Yes,Yes,Undecided,Yes,Yes,Yes,Yes,Yes,Yes,Yes,Yes,Yes,Yes,Yes,Yes,Yes,No,,,Somewhat unlikely,,63e5614a5e100cf1fa348a81
2023-02-22 13:24:18,2023-02-22 13:28:52,IP Address,107.195.185.236,100,274,True,2023-02-22 13:28:53,R_3UxonXE21dX0T5v,,,,,37.6752,-120.9465,anonymous,EN,Yes,Yes,Yes,,Yes,Yes,Yes,Yes,Yes,Yes,Yes,Undecided,Yes,Yes,Yes,Yes,Yes,Yes,,,Extremely likely,,5e59a9d107660f1b7626dec7
2023-02-22 13:26:40,2023-02-22 13:29:04,IP Address,104.59.53.127,100,144,True,2023-02-22 13:29:05,R_2WH012FMObq0w1N,,,,,36.1544,-96.0341,anonymous,EN,No,Yes,Yes,No,Undecided,Undecided,No,Undecided,Yes,Yes,No,Yes,No,Yes,Yes,Yes,Yes,Yes,Somewhat likely,,,,63ed311251a96de717d81416
2023-02-22 13:28:44,2023-02-22 13:30:28,IP Address,130.126.255.28,100,104,True,2023-02-22 13:30:29,R_3kIeNmWvhBIFsrS,,,,,40.112,-88.2365,anonymous,EN,No,Yes,Undecided,No,Yes,No,Yes,Yes,No,Yes,Yes,Undecided,Yes,Yes,Undecided,Yes,No,Yes,,,,Neither likely nor unlikely,5eaef287fb863f5c922abad9
2023-02-22 13:31:04,2023-02-22 13:32:40,IP Address,70.115.183.227,100,96,True,2023-02-22 13:32:40,R_2fwF8dbEBIpjyOG,,,,,26.3942,-98.8104,anonymous,EN,Yes,No,Yes,Yes,No,Yes,No,No,Yes,No,No,Yes,No,No,Yes,No,Yes,No,Somewhat unlikely,,,,63f519601c333d44a17bb35a
2023-02-22 13:32:17,2023-02-22 13:34:06,IP Address,38.22.150.74,100,109,True,2023-02-22 13:34:06,R_3itlwsvnXAMukC0,,,,,38.1051,-92.9188,anonymous,EN,Yes,No,No,Yes,No,No,Yes,Undecided,No,No,No,Undecided,No,Undecided,Yes,Undecided,Undecided,No,,,Somewhat likely,,603999f11e9e5e32453acbb1
2023-02-22 13:32:15,2023-02-22 13:34:13,IP Address,98.155.136.137,100,118,True,2023-02-22 13:34:14,R_2V8aQXBZsDoSeie,,,,,20.8959,-156.509,anonymous,EN,Yes,No,No,Yes,No,No,No,Undecided,Yes,No,No,Yes,No,No,No,No,Yes,No,,,,Neither likely nor unlikely,60fd3cd100cfd3da1b3b9e11
2023-02-22 13:24:53,2023-02-22 13:35:07,IP Address,172.56.88.23,100,614,True,2023-02-22 13:35:08,R_2zJcbvN2m4ttnlb,,,,,29.4032,-98.508,anonymous,EN,Undecided,Yes,Yes,Undecided,No,Yes,No,Undecided,Yes,No,Undecided,Yes,Yes,Yes,No,No,No,No,,Somewhat unlikely,,,5641ce9017bdbe000b2a0a3b
2023-02-22 13:35:30,2023-02-22 13:36:25,IP Address,69.244.211.211,100,55,True,2023-02-22 13:36:25,R_yKLWJozrJKPNNcJ,,,,,30.4908,-84.3158,anonymous,EN,Yes,Yes,Yes,Yes,Undecided,Undecided,Undecided,Yes,Yes,No,No,Yes,No,Undecided,Yes,No,Yes,No,,Somewhat likely,,,60fcbc6c0c05e2eb27be563c
2023-02-22 13:35:25,2023-02-22 13:36:29,IP Address,172.56.88.15,100,63,True,2023-02-22 13:36:29,R_247uxHBsonHc5WD,,,,,29.4032,-98.508,anonymous,EN,Undecided,Yes,Yes,No,Undecided,Yes,Undecided,Yes,Yes,No,Yes,No,Undecided,Yes,Undecided,Undecided,No,No,,Neither likely nor unlikely,,,56f873d73592c7000b04d6fe
2023-02-22 13:35:23,2023-02-22 13:36:30,IP Address,76.89.72.58,100,66,True,2023-02-22 13:36:30,R_2tlGguTLED1dBvM,,,,,34.2326,-118.5481,anonymous,EN,Yes,Yes,Yes,Yes,Yes,No,Undecided,Yes,No,Yes,No,Yes,No,Yes,Yes,No,Yes,No,,Somewhat likely,,,61061563506ce85595b3455a
2023-02-22 13:35:57,2023-02-22 13:37:25,IP Address,96.227.103.66,100,87,True,2023-02-22 13:37:26,R_12rR799muWWLw2W,,,,,39.9544,-75.1657,anonymous,EN,Undecided,Yes,Yes,Undecided,Yes,Yes,No,Yes,Yes,Yes,Undecided,Yes,Yes,Undecided,Yes,No,Yes,Undecided,Neither likely nor unlikely,,,,5c0496b940207800014b25d1
2023-02-22 13:36:14,2023-02-22 13:37:46,IP Address,208.64.158.251,100,92,True,2023-02-22 13:37:47,R_3PSTYrc91k0Pp8u,,,,,28.5156,-81.3574,anonymous,EN,Undecided,Yes,Yes,No,Yes,No,Yes,Yes,No,Yes,Undecided,Yes,Undecided,Undecided,Undecided,Yes,Yes,Undecided,,,,Somewhat unlikely,5ecea3c7025e2b28bba8f2b3
2023-02-22 13:36:26,2023-02-22 13:37:56,IP Address,71.233.190.88,100,90,True,2023-02-22 13:37:57,R_3szwuRhwm206ZE3,,,,,42.415,-71.0527,anonymous,EN,Yes,Yes,Undecided,Yes,Undecided,Undecided,No,Yes,No,No,No,Yes,Undecided,Yes,Undecided,No,No,No,,,Extremely unlikely,,5a2d792729374e0001420491
2023-02-22 13:37:22,2023-02-22 13:38:06,IP Address,98.146.134.41,100,43,True,2023-02-22 13:38:06,R_3nvjDrXTCW7tKPI,,,,,47.7992,-116.7393,anonymous,EN,Yes,Yes,No,Undecided,Yes,No,Yes,Yes,Yes,No,No,No,No,Yes,Yes,Yes,No,Yes,Somewhat likely,,,,6110ae99760901f60af9af27
2023-02-22 13:36:55,2023-02-22 13:38:14,IP Address,104.13.122.79,100,79,True,2023-02-22 13:38:15,R_1eKvbZkLHkTJvYc,,,,,32.8179,-96.6319,anonymous,EN,Undecided,Yes,No,Yes,No,No,No,Undecided,No,No,Undecided,No,No,Undecided,No,No,No,No,Somewhat unlikely,,,,63331d7bd9dcae2e49dff57e
2023-02-22 13:37:20,2023-02-22 13:38:19,IP Address,68.5.10.1,100,59,True,2023-02-22 13:38:20,R_1Iut9a1P3IPudB9,,,,,33.6564,-117.8245,anonymous,EN,Undecided,Yes,Yes,Yes,No,Undecided,Yes,Undecided,Yes,No,No,Yes,No,Undecided,Yes,No,Yes,No,,,Somewhat likely,,60ee94db81cb621683412b8a
2023-02-22 13:37:34,2023-02-22 13:38:28,IP Address,70.166.117.16,100,53,True,2023-02-22 13:38:29,R_1Lzgs2tR4GS3UPT,,,,,31.5402,-110.267,anonymous,EN,Yes,Yes,Yes,Yes,No,Yes,No,No,Yes,No,Yes,Yes,No,No,Yes,No,Yes,No,,,,Neither likely nor unlikely,62fba1d10ac0b6763b4fc4eb
2023-02-22 13:37:46,2023-02-22 13:38:47,IP Address,131.187.180.64,100,60,True,2023-02-22 13:38:47,R_2Bhd3UsJTin2cv8,,,,,41.1236,-83.1819,anonymous,EN,Yes,Undecided,Yes,No,No,No,No,Yes,Undecided,Undecided,No,Yes,No,No,No,No,Undecided,No,,,,Somewhat unlikely,6004f2c9a814f031f50a5562
2023-02-22 13:37:31,2023-02-22 13:38:49,IP Address,72.202.246.64,100,77,True,2023-02-22 13:38:49,R_3il5nJ7QrGFW8po,,,,,36.175,-115.1372,anonymous,EN,Yes,Yes,Yes,Yes,Undecided,Yes,No,Undecided,Yes,Yes,Undecided,Yes,No,Yes,Yes,Undecided,Yes,No,,Somewhat unlikely,,,5d1e48cb33a4d3001b08a320
2023-02-22 13:37:47,2023-02-22 13:38:54,IP Address,4.36.22.242,100,67,True,2023-02-22 13:38:55,R_TinDTbtSIlM9fK9,,,,,40.7503,-74.0014,anonymous,EN,No,Yes,Yes,Undecided,Yes,Yes,Undecided,Yes,Yes,Yes,No,Yes,No,Yes,Yes,Undecided,Undecided,No,,,Somewhat likely,,5e274886bcb84f052bf6858f
2023-02-22 13:37:54,2023-02-22 13:39:14,IP Address,100.6.25.99,100,80,True,2023-02-22 13:39:14,R_1pL79Po7TDmRcwz,,,,,40.4049,-79.8188,anonymous,EN,Yes,No,Yes,Yes,No,No,Undecided,No,Yes,No,No,Yes,No,No,No,No,Yes,No,,,,Somewhat likely,5ca6046dbbb3040012c2ba7d
2023-02-22 13:37:27,2023-02-22 13:39:24,IP Address,38.99.125.4,100,116,True,2023-02-22 13:39:24,R_3lJNC28oFpzDaeb,,,,,33.8358,-117.9063,anonymous,EN,Undecided,Yes,No,Yes,Yes,No,No,Yes,No,No,Yes,No,Yes,Yes,Yes,Yes,No,No,,Somewhat likely,,,63b897693f2aff0ef38adbba
2023-02-22 13:38:06,2023-02-22 13:39:29,IP Address,63.155.47.238,100,83,True,2023-02-22 13:39:30,R_uqQtI7sHZ8KU36x,,,,,44.0683,-123.0763,anonymous,EN,Yes,Undecided,Yes,Yes,No,Undecided,No,No,Undecided,No,No,Yes,No,Yes,Yes,No,Yes,No,Extremely unlikely,,,,5fa0c5fd48882001b472ddf5
2023-02-22 13:38:37,2023-02-22 13:39:42,IP Address,76.130.52.76,100,64,True,2023-02-22 13:39:42,R_3OlGnNHWkdQpaEg,,,,,40.4102,-104.7584,anonymous,EN,Undecided,Yes,No,No,Yes,No,Yes,Yes,No,Yes,Undecided,Undecided,Undecided,Yes,No,Undecided,No,Undecided,,,Somewhat unlikely,,5f084fffd931c103fbd4228a
2023-02-22 13:38:21,2023-02-22 13:39:50,IP Address,76.17.135.216,100,89,True,2023-02-22 13:39:51,R_2rvh0fOevP4QBw8,,,,,45.0196,-93.2402,anonymous,EN,No,Yes,No,No,Yes,Undecided,Yes,Undecided,No,Undecided,Yes,Yes,No,Yes,Yes,No,No,Yes,,,Somewhat unlikely,,5fa0270a0f22bc03bd0380ee
2023-02-22 13:38:46,2023-02-22 13:40:02,IP Address,172.74.77.251,100,76,True,2023-02-22 13:40:03,R_1eJKIky1tmhBk1N,,,,,35.6577,-78.3837,anonymous,EN,Yes,Undecided,Yes,Undecided,No,Yes,No,Yes,Yes,No,Undecided,No,Yes,Yes,Yes,No,No,No,,,,Somewhat likely,6312d110fc7b2e75f0e609a7
2023-02-22 13:39:32,2023-02-22 13:40:12,IP Address,75.15.156.156,100,39,True,2023-02-22 13:40:12,R_1d63QooNXSpAkDT,,,,,34.0915,-118.1307,anonymous,EN,Yes,Undecided,Yes,Yes,No,Undecided,Undecided,Undecided,Undecided,Undecided,No,Yes,No,Undecided,Yes,Undecided,Yes,Undecided,,,Somewhat unlikely,,5c5d47bec059db00014aeda2
2023-02-22 13:38:53,2023-02-22 13:40:16,IP Address,73.22.233.136,100,82,True,2023-02-22 13:40:17,R_SH5YzaVOZAfZb2h,,,,,42.0128,-88.0967,anonymous,EN,Yes,No,Yes,Yes,No,Yes,No,No,Yes,No,No,Yes,No,No,No,No,Undecided,Undecided,Somewhat unlikely,,,,63f4eb046bcf1fda92414a71
2023-02-22 13:39:14,2023-02-22 13:40:36,IP Address,107.213.216.161,100,82,True,2023-02-22 13:40:37,R_3iIjO8fU7mxHQ9X,,,,,25.7793,-80.2088,anonymous,EN,No,Yes,Yes,Yes,Undecided,Yes,Yes,Yes,Yes,Undecided,Yes,Yes,No,Yes,Yes,Yes,Yes,No,Somewhat unlikely,,,,60fde6c129b3d76aa60ca418
2023-02-22 13:39:26,2023-02-22 13:40:45,IP Address,108.93.17.60,100,78,True,2023-02-22 13:40:45,R_2BaFk5c0SHzzRS3,,,,,29.9509,-90.1007,anonymous,EN,Undecided,Yes,Yes,No,Yes,Yes,Undecided,Yes,Yes,Undecided,Undecided,Yes,No,Yes,Yes,Yes,Yes,Yes,,Somewhat likely,,,60cab9dd5a974695b32eb2ab
2023-02-22 13:39:19,2023-02-22 13:40:46,IP Address,65.184.130.241,100,87,True,2023-02-22 13:40:47,R_27wgTXASFax4Hde,,,,,34.157,-77.9136,anonymous,EN,Yes,Yes,Yes,Yes,Yes,Yes,No,Undecided,Yes,Yes,No,Yes,No,Undecided,Yes,Undecided,Yes,Yes,,,,Somewhat unlikely,611c566a4412b71fd8fb5e20
2023-02-22 13:38:28,2023-02-22 13:40:54,IP Address,73.252.176.175,100,146,True,2023-02-22 13:40:55,R_338df2VltkjXdIP,,,,,37.3209,-121.9126,anonymous,EN,Yes,Undecided,Yes,No,No,Undecided,No,No,Undecided,No,No,Yes,No,Undecided,No,No,Undecided,No,,Neither likely nor unlikely,,,6110e96d5defddb4f3774be2
2023-02-22 13:39:54,2023-02-22 13:41:14,IP Address,64.47.134.80,100,80,True,2023-02-22 13:41:14,R_0e36vxJft1raDIZ,,,,,37.7045,-122.0742,anonymous,EN,Undecided,No,Yes,Yes,No,Yes,No,No,No,No,No,Yes,No,Undecided,Yes,No,Yes,No,Neither likely nor unlikely,,,,6160e0e3a8156e01fe3e95a6
2023-02-22 13:40:13,2023-02-22 13:41:20,IP Address,73.124.68.26,100,66,True,2023-02-22 13:41:21,R_2XczGQSNIgDfeiL,,,,,25.7689,-80.1946,anonymous,EN,Yes,Yes,Yes,Yes,Yes,No,No,Undecided,Yes,Undecided,Yes,No,No,Undecided,No,Undecided,Yes,Undecided,,,Somewhat likely,,5e039eccdc8535e95ebc60aa
2023-02-22 13:40:09,2023-02-22 13:41:22,IP Address,47.196.69.5,100,73,True,2023-02-22 13:41:23,R_10C9DDUIx3y7Mtx,,,,,27.9032,-82.2911,anonymous,EN,Yes,Yes,Undecided,Yes,Undecided,No,Yes,Yes,Undecided,Undecided,Undecided,Yes,No,Yes,No,Yes,Yes,No,,Neither likely nor unlikely,,,612d392b4ed3130794cc1eeb
2023-02-22 13:39:29,2023-02-22 13:41:33,IP Address,73.107.92.151,100,123,True,2023-02-22 13:41:33,R_3ijW3KUMGAAOEYx,,,,,26.2422,-81.8062,anonymous,EN,Yes,Yes,No,Yes,No,No,No,No,No,No,No,Yes,No,No,No,No,No,No,,,,Extremely unlikely,63f4734905f91d8c0582dc27
2023-02-22 13:39:49,2023-02-22 13:41:37,IP Address,71.185.183.252,100,108,True,2023-02-22 13:41:37,R_1ltuGqmCgzVwTh9,,,,,39.9357,-75.1832,anonymous,EN,No,Yes,Yes,Yes,No,Yes,Undecided,Yes,No,No,Undecided,Yes,No,Yes,Yes,Undecided,Yes,No,,,,Somewhat likely,5ee76ca2c78ea203bc5ce3d7
2023-02-22 13:40:06,2023-02-22 13:41:56,IP Address,166.205.147.57,100,109,True,2023-02-22 13:41:57,R_2fJT2QDHCIK5fKv,,,,,38.8078,-77.0523,anonymous,EN,Yes,Undecided,Yes,Yes,No,Yes,Undecided,No,Yes,Yes,Undecided,Yes,No,Yes,Yes,No,Yes,No,,Neither likely nor unlikely,,,5eb3dbb0f7d8d01c2ec6ffe3
2023-02-22 13:40:13,2023-02-22 13:42:02,IP Address,172.58.121.200,100,108,True,2023-02-22 13:42:02,R_C8Iy3Ga5bFYIYFz,,,,,40.0326,-82.8799,anonymous,EN,Yes,Undecided,Yes,Undecided,Yes,,Undecided,Undecided,No,Undecided,No,No,No,Undecided,Undecided,Undecided,Yes,Undecided,,,Neither likely nor unlikely,,5fea9f4983f6afa8281acf14
2023-02-22 13:40:36,2023-02-22 13:42:04,IP Address,172.58.6.83,100,88,True,2023-02-22 13:42:04,R_YaGQkijZYgx9AvD,,,,,33.8336,-84.3797,anonymous,EN,No,Yes,Yes,No,Yes,Yes,Yes,Yes,Undecided,Undecided,No,Yes,No,Yes,Yes,Undecided,Undecided,Undecided,Neither likely nor unlikely,,,,6127e94c6abf253c484b38b7
2023-02-22 13:40:47,2023-02-22 13:42:11,IP Address,24.9.56.42,100,84,True,2023-02-22 13:42:12,R_W7rhVDZSVuqednb,,,,,38.8503,-104.8567,anonymous,EN,No,Yes,Yes,No,Undecided,No,Undecided,Yes,Yes,Yes,Undecided,Yes,No,No,Yes,Undecided,No,No,,,,Neither likely nor unlikely,5d96241d473e920012b13ee8
2023-02-22 13:42:13,2023-02-22 13:43:03,IP Address,68.181.21.13,100,49,True,2023-02-22 13:43:03,R_3NxNyS2irR4ZalP,,,,,34.0544,-118.244,anonymous,EN,Yes,Undecided,Yes,Yes,No,Yes,No,Undecided,Yes,Undecided,Yes,No,Yes,Undecided,Yes,No,Undecided,No,Somewhat unlikely,,,,5f95af07a42fca433c888a3b
2023-02-22 13:41:57,2023-02-22 13:43:20,IP Address,73.44.34.229,100,82,True,2023-02-22 13:43:20,R_2dGDcWs9Ypz1otI,,,,,41.5335,-87.8931,anonymous,EN,Yes,No,Yes,Yes,No,Yes,No,Undecided,Undecided,No,No,Yes,No,No,Undecided,No,Yes,No,,,Somewhat likely,,60fcf9abf635e9904cb7dca9
2023-02-22 13:42:19,2023-02-22 13:43:24,IP Address,74.79.29.232,100,65,True,2023-02-22 13:43:25,R_3Ny9Ngw8W66szeZ,,,,,43.9771,-75.9093,anonymous,EN,Yes,Yes,No,Yes,Undecided,No,Undecided,Yes,No,No,No,Undecided,No,Undecided,Yes,Undecided,No,No,,Neither likely nor unlikely,,,60fcd8cbdcebde3d58562aeb
2023-02-22 13:41:51,2023-02-22 13:43:51,IP Address,98.198.119.249,100,120,True,2023-02-22 13:43:52,R_28Mb61ZtWSlKCGd,,,,,29.572,-95.54,anonymous,EN,Yes,Yes,Yes,Yes,Yes,Yes,Undecided,Yes,No,Yes,No,Yes,No,No,Yes,Yes,No,No,,,Somewhat likely,,63d8006d480290b3e15245f1
2023-02-22 13:42:13,2023-02-22 13:44:04,IP Address,71.67.134.167,100,110,True,2023-02-22 13:44:04,R_2AWKUsMquR4Hw6J,,,,,36.9199,-86.4392,anonymous,EN,Yes,Yes,Yes,Yes,No,Undecided,No,Yes,Yes,Undecided,No,Yes,No,Yes,Yes,Undecided,Yes,No,,,,Neither likely nor unlikely,62e073721cd1f5f6cff50910
2023-02-22 13:43:07,2023-02-22 13:44:12,IP Address,98.35.100.206,100,65,True,2023-02-22 13:44:13,R_2SCy36zyv5f18JJ,,,,,37.9043,-122.0584,anonymous,EN,Yes,Yes,Yes,No,Undecided,Yes,Undecided,Yes,Yes,Undecided,Undecided,Yes,No,Yes,Yes,No,Yes,No,Somewhat unlikely,,,,5eadd264593baa0df31702d5
2023-02-22 13:42:00,2023-02-22 13:44:18,IP Address,72.229.71.2,100,138,True,2023-02-22 13:44:19,R_3JftbUE0dGxN2NE,,,,,40.5468,-74.1804,anonymous,EN,Yes,No,Yes,Yes,No,Yes,No,Undecided,Yes,Undecided,No,Yes,No,Undecided,Undecided,No,Undecided,Undecided,Neither likely nor unlikely,,,,5f2405d1223bfd0576b05987
2023-02-22 13:42:57,2023-02-22 13:44:42,IP Address,216.201.56.4,100,105,True,2023-02-22 13:44:43,R_1hXAvVliaK5cXo1,,,,,40.6732,-84.6646,anonymous,EN,No,Yes,Yes,No,Yes,No,Yes,No,Yes,Yes,Yes,Yes,No,Yes,No,Yes,No,Yes,,Somewhat likely,,,61095beca1f18a14707aee38
2023-02-22 13:41:45,2023-02-22 13:44:55,IP Address,107.115.165.56,100,189,True,2023-02-22 13:44:55,R_u3t7kWTmBFdD6vL,,,,,27.9875,-82.4583,anonymous,EN,Yes,Yes,Yes,Yes,No,No,No,Yes,Yes,No,No,Yes,No,No,Yes,No,Yes,No,,Somewhat likely,,,60fd5c60ee87806639d6b9c2
2023-02-22 13:44:06,2023-02-22 13:45:03,IP Address,24.239.80.74,100,56,True,2023-02-22 13:45:04,R_1Kp9biYMBbqiWwM,,,,,41.1054,-80.6905,anonymous,EN,Undecided,Undecided,No,Yes,No,Undecided,No,Undecided,Undecided,No,No,Yes,No,Undecided,Yes,Undecided,Yes,No,,,,Somewhat likely,5e38d8e9dc4a340fe4a9dd4e
2023-02-22 13:44:00,2023-02-22 13:45:35,IP Address,97.81.62.161,100,95,True,2023-02-22 13:45:36,R_1LC0Vvn0FqLlMIN,,,,,36.5491,-82.5584,anonymous,EN,Yes,Yes,No,Yes,Undecided,No,Undecided,Yes,No,No,No,No,No,Undecided,No,Yes,No,No,,,Neither likely nor unlikely,,5ec6febe10d2c3149758a78b
2023-02-22 13:45:00,2023-02-22 13:45:59,IP Address,208.102.85.33,100,59,True,2023-02-22 13:46:00,R_1QAin3k62Lqhq8r,,,,,39.1256,-84.5127,anonymous,EN,Yes,No,Yes,Yes,No,Yes,No,No,Yes,No,No,Yes,No,No,Yes,No,Yes,No,,,,Somewhat likely,608872c23d0f3d76aaf701d8
2023-02-22 13:45:04,2023-02-22 13:46:12,IP Address,50.249.174.85,100,68,True,2023-02-22 13:46:14,R_2ZTD4kVdUezMZu7,,,,,42.616,-83.925,anonymous,EN,Yes,Yes,Yes,Yes,No,Yes,No,Undecided,Yes,No,No,Yes,No,Undecided,Yes,Undecided,Yes,No,,Somewhat unlikely,,,602f3f4b63f201c29e4a09e6
2023-02-22 13:45:25,2023-02-22 13:46:38,IP Address,24.4.51.220,100,73,True,2023-02-22 13:46:39,R_1LhC7iPgyMcy7Ud,,,,,38.3862,-121.991,anonymous,EN,Yes,No,Yes,Yes,No,Yes,No,No,No,No,No,Yes,No,Undecided,No,Undecided,Yes,No,,,Somewhat unlikely,,5d1c0e818d27eb0016164015
2023-02-22 13:45:21,2023-02-22 13:46:53,IP Address,140.186.94.50,100,92,True,2023-02-22 13:46:54,R_2ri06XVo7FJ8hMM,,,,,46.8524,-96.8121,anonymous,EN,No,Yes,Undecided,Yes,No,Undecided,No,Yes,No,Undecided,Yes,No,Yes,Undecided,Yes,Undecided,Yes,No,,Neither likely nor unlikely,,,63654b4f395f847a8a5ee6fd
2023-02-22 13:44:11,2023-02-22 13:46:54,IP Address,72.9.27.200,100,163,True,2023-02-22 13:46:54,R_1cU6xl3X6xBeixJ,,,,,39.8882,-76.9953,anonymous,EN,Yes,No,Yes,Yes,No,Yes,No,No,Yes,No,No,Yes,No,No,Yes,No,Yes,No,,,,Neither likely nor unlikely,585aefed73f2620001c21d75
2023-02-22 13:45:11,2023-02-22 13:46:59,IP Address,206.81.149.76,100,107,True,2023-02-22 13:46:59,R_1l4tMWvdbwAhlpb,,,,,40.5581,-111.9222,anonymous,EN,Yes,Undecided,Yes,Undecided,Undecided,Yes,No,No,Undecided,Undecided,No,Yes,No,No,Yes,No,Yes,No,Neither likely nor unlikely,,,,62c9bf590412b579266d4477
2023-02-22 13:44:18,2023-02-22 13:47:01,IP Address,75.63.10.150,100,163,True,2023-02-22 13:47:02,R_UXXd0hCkBw3i2eR,,,,,33.2541,-84.2735,anonymous,EN,No,Undecided,Yes,Yes,No,Yes,Undecided,Undecided,No,No,Undecided,Yes,No,Undecided,Yes,No,Undecided,No,Somewhat unlikely,,,,6307f3c967020d1202332b77
2023-02-22 13:46:11,2023-02-22 13:47:35,IP Address,45.24.124.101,100,83,True,2023-02-22 13:47:35,R_32RDTXqLO1CTH4o,,,,,34.8305,-87.656,anonymous,EN,Yes,Undecided,Yes,Yes,No,Yes,No,Yes,Yes,No,No,Yes,Yes,Undecided,No,No,Yes,No,,,Neither likely nor unlikely,,5f91d9adb450ef0b0940c4bd
2023-02-22 13:44:44,2023-02-22 13:47:35,IP Address,98.122.17.36,100,170,True,2023-02-22 13:47:36,R_DwKwn3Hob8UqKOZ,,,,,33.9133,-80.3587,anonymous,EN,Yes,No,Yes,Yes,No,No,No,No,Yes,No,No,Yes,Yes,No,No,No,No,No,,,Extremely likely,,6063c5271b6ec3a3b98fc518
2023-02-22 13:46:44,2023-02-22 13:47:42,IP Address,209.160.254.204,100,57,True,2023-02-22 13:47:42,R_1esKDFrvYfpHOcv,,,,,33.9388,-117.416,anonymous,EN,Yes,Undecided,Yes,No,Undecided,No,No,No,No,No,No,Yes,No,No,No,No,Yes,No,,Extremely unlikely,,,5d206e075278fa001848134d
2023-02-22 13:45:26,2023-02-22 13:47:47,IP Address,174.203.240.232,100,140,True,2023-02-22 13:47:48,R_1jN7G0HC1cZQZGz,,,,,35.2227,-80.7938,anonymous,EN,No,Yes,Yes,No,No,Yes,Yes,Yes,No,Yes,No,Yes,No,Undecided,Yes,Undecided,Undecided,Undecided,Somewhat unlikely,,,,63efa02743ae90cf56938c71
2023-02-22 13:46:30,2023-02-22 13:47:49,IP Address,69.175.174.77,100,78,True,2023-02-22 13:47:49,R_5tZ9bibeEGVn7QR,,,,,33.526,-101.8323,anonymous,EN,No,Yes,Yes,No,Undecided,No,Yes,Yes,No,No,Undecided,Yes,Yes,Yes,Undecided,Undecided,Yes,No,,Neither likely nor unlikely,,,6046f6edac3d58162e99b286
2023-02-22 13:46:53,2023-02-22 13:48:04,IP Address,73.126.136.40,100,71,True,2023-02-22 13:48:05,R_3no6USrIqaMfBTy,,,,,41.7652,-72.7028,anonymous,EN,No,Yes,Yes,Yes,Undecided,Yes,Undecided,Yes,Yes,Undecided,No,No,No,Undecided,Yes,Undecided,No,No,,,,Somewhat unlikely,5ec5a42a646f515ef0e3f68b
2023-02-22 13:47:04,2023-02-22 13:48:10,IP Address,72.199.117.56,100,65,True,2023-02-22 13:48:10,R_12utvtqNh6HBFn2,,,,,32.6387,-117.0801,anonymous,EN,Yes,Undecided,Yes,Yes,No,Undecided,No,No,Yes,Undecided,No,Yes,No,No,No,No,Yes,No,,,,Somewhat likely,5fab96ef26d50d6aaaf48b9b
2023-02-22 13:46:13,2023-02-22 13:48:12,IP Address,173.94.192.81,100,118,True,2023-02-22 13:48:13,R_pJVNVl8VhyMguNH,,,,,36.3402,-79.6622,anonymous,EN,Yes,No,Yes,Yes,Yes,Yes,No,No,Yes,No,Yes,Yes,No,No,Yes,Yes,Yes,No,,,Somewhat likely,,63ea64212628a73581c3a95a
2023-02-22 13:41:56,2023-02-22 13:48:37,IP Address,172.58.140.101,100,400,True,2023-02-22 13:48:37,R_3nI3FHdyBvCfx8Z,,,,,41.8095,-87.6522,anonymous,EN,Yes,Yes,Yes,Yes,Undecided,Yes,Yes,No,Yes,Undecided,No,Yes,No,No,Yes,Undecided,Yes,Undecided,Somewhat likely,,,,610213b340f2b49f4a1e4194
2023-02-22 13:47:06,2023-02-22 13:49:39,IP Address,24.191.184.21,100,153,True,2023-02-22 13:49:40,R_3HRp3Di14jwFRtL,,,,,40.6372,-73.9037,anonymous,EN,Yes,No,No,Yes,No,No,No,Yes,No,No,No,Yes,No,Yes,No,No,Yes,No,,,Somewhat unlikely,,62b66baae6f816e592f14a8a
2023-02-22 13:48:44,2023-02-22 13:49:41,IP Address,98.186.197.224,100,56,True,2023-02-22 13:49:42,R_3LedhJWw0hyteM9,,,,,30.4431,-91.1287,anonymous,EN,Yes,Yes,Undecided,Yes,No,No,Undecided,Yes,Yes,No,No,No,No,Undecided,No,No,Yes,No,,,,Somewhat likely,5d1a4bd6339da6000112af6e
2023-02-22 13:48:26,2023-02-22 13:49:41,IP Address,50.5.55.88,100,75,True,2023-02-22 13:49:42,R_2t5Ue0qyi4xahB8,,,,,39.0055,-84.6006,anonymous,EN,Yes,Undecided,Yes,Yes,No,Yes,No,No,Yes,No,No,Yes,Yes,No,Yes,No,Yes,No,,Neither likely nor unlikely,,,60fe47b274576eb477b06e6d
2023-02-22 13:48:02,2023-02-22 13:49:44,IP Address,205.175.106.193,100,102,True,2023-02-22 13:49:45,R_2s4kh7NIUITvwKA,,,,,47.6631,-122.3029,anonymous,EN,No,Yes,No,No,Undecided,No,No,No,No,Yes,No,No,No,Undecided,No,Undecided,Undecided,Undecided,,,Neither likely nor unlikely,,62ec1fe3ebd392c343d85886
2023-02-22 13:49:34,2023-02-22 13:50:26,IP Address,67.176.202.238,100,51,True,2023-02-22 13:50:27,R_1f94G9hrTZF16xT,,,,,41.8482,-87.6521,anonymous,EN,Undecided,Yes,Yes,No,Undecided,Undecided,No,Yes,Undecided,Undecided,Undecided,Yes,No,Undecided,No,No,Undecided,Undecided,Neither likely nor unlikely,,,,63d181e5d5b059e590157a48
2023-02-22 13:49:33,2023-02-22 13:50:44,IP Address,69.162.253.21,100,70,True,2023-02-22 13:50:44,R_29sn86YeWJqurK3,,,,,41.7759,-111.8068,anonymous,EN,Yes,No,Yes,Yes,No,Yes,Yes,Yes,No,No,No,Yes,No,Undecided,No,No,Yes,No,,Somewhat unlikely,,,5fc542a52e43fa035850c494
2023-02-22 13:44:08,2023-02-22 13:50:48,IP Address,100.19.58.168,100,399,True,2023-02-22 13:50:49,R_3gYGoFdpEM2ffGv,,,,,39.7979,-75.5317,anonymous,EN,Yes,No,No,Yes,No,No,Yes,Yes,No,No,No,Yes,No,No,No,No,Yes,No,,,,Neither likely nor unlikely,5d0f644b5643a6000103cd24
2023-02-22 13:49:39,2023-02-22 13:50:54,IP Address,99.73.18.38,100,74,True,2023-02-22 13:50:54,R_2R80kmfWtRqX1YL,,,,,34.0297,-84.1469,anonymous,EN,Yes,No,Yes,Yes,No,Yes,No,No,Yes,No,No,No,Undecided,No,No,No,Yes,No,,,Somewhat likely,,631615e2e62254d0d63d1ab0
2023-02-22 13:49:36,2023-02-22 13:50:54,IP Address,47.231.148.119,100,77,True,2023-02-22 13:50:54,R_Xv2xoqPQUktwfgl,,,,,43.0026,-87.9417,anonymous,EN,Yes,Undecided,Undecided,Yes,No,Undecided,Undecided,Yes,Undecided,Undecided,No,Yes,No,Undecided,Undecided,Undecided,Yes,No,Somewhat likely,,,,636182d3f52ff78fc3f7de50
2023-02-22 13:49:44,2023-02-22 13:51:04,IP Address,174.16.252.21,100,79,True,2023-02-22 13:51:04,R_3n8gGZ07dFnbupm,,,,,39.7501,-104.9957,anonymous,EN,Yes,Yes,Yes,Yes,Yes,Yes,No,Yes,Undecided,Yes,Undecided,Yes,Yes,Yes,Undecided,Yes,Undecided,No,,Extremely unlikely,,,62acc0a0e293719010c1d3c7
2023-02-22 13:50:07,2023-02-22 13:51:14,IP Address,24.12.77.175,100,66,True,2023-02-22 13:51:14,R_2aWeKisjMqeMAzd,,,,,41.8388,-87.7891,anonymous,EN,Yes,Undecided,Yes,Yes,No,Yes,No,Yes,Yes,Undecided,No,Yes,No,No,Yes,No,Yes,No,,Somewhat likely,,,6110b7bc1399b88a9243879e
2023-02-22 13:50:01,2023-02-22 13:51:25,IP Address,73.22.47.57,100,84,True,2023-02-22 13:51:26,R_1KvGn4EbbMtCjrP,,,,,41.8719,-87.6589,anonymous,EN,Undecided,Yes,Yes,No,Yes,Yes,No,No,Yes,Yes,Yes,Yes,Yes,Yes,Yes,No,No,Undecided,,,,Neither likely nor unlikely,5f30c8e5a2eef453f96ecad0
2023-02-22 13:49:31,2023-02-22 13:51:30,IP Address,159.235.221.47,100,118,True,2023-02-22 13:51:31,R_12lN1aG6LZWvSBp,,,,,33.5637,-84.2112,anonymous,EN,Yes,Yes,No,Yes,No,No,No,Undecided,No,No,No,No,No,Undecided,No,Undecided,No,No,,,,Neither likely nor unlikely,5dc88a6643755e5f227e0488
2023-02-22 13:50:16,2023-02-22 13:51:31,IP Address,24.45.53.253,100,74,True,2023-02-22 13:51:31,R_2aWe0eFXT5Py6SK,,,,,40.8785,-72.9538,anonymous,EN,No,Yes,Yes,Yes,No,No,No,Yes,Undecided,No,No,No,Yes,Yes,Yes,Yes,Yes,No,,,Somewhat likely,,60fdc5bcbdcf3ea551f401a2
2023-02-22 13:50:23,2023-02-22 13:51:42,IP Address,35.146.13.2,100,78,True,2023-02-22 13:51:42,R_2aVR2HcKxREF1ZK,,,,,30.2971,-97.7862,anonymous,EN,Undecided,Yes,Undecided,No,Yes,No,Yes,Yes,No,Yes,Yes,No,No,Yes,Yes,Yes,No,Undecided,,,Somewhat unlikely,,60566620bb888e88b6c157ee
2023-02-22 13:49:07,2023-02-22 13:51:46,IP Address,75.51.33.107,100,158,True,2023-02-22 13:51:46,R_3erU3hBt51iggyk,,,,,29.7646,-95.3657,anonymous,EN,Yes,No,Yes,Yes,No,Yes,No,Undecided,Yes,Yes,No,Yes,Yes,No,Undecided,No,Yes,No,,,Somewhat unlikely,,62839b5f73ebabded1ce5e68
2023-02-22 13:50:34,2023-02-22 13:51:57,IP Address,75.134.251.116,100,82,True,2023-02-22 13:51:57,R_3yhjSPlwwpu0TbX,,,,,42.1502,-72.6078,anonymous,EN,Yes,Undecided,Yes,Yes,Undecided,Yes,Undecided,Undecided,Yes,Undecided,Undecided,Yes,No,Undecided,Undecided,No,Yes,Undecided,,Somewhat likely,,,60ff2a644895b264d2d15249
2023-02-22 13:46:24,2023-02-22 13:52:08,IP Address,174.232.142.4,100,343,True,2023-02-22 13:52:08,R_2c1ZI1PTp2PtV7z,,,,,39.9587,-82.9987,anonymous,EN,Yes,Yes,No,No,No,No,No,Yes,No,No,No,No,Undecided,Yes,No,No,Yes,No,Extremely unlikely,,,,62b09ec786f3ae29c826601f
2023-02-22 13:49:53,2023-02-22 13:52:09,IP Address,76.217.188.181,100,136,True,2023-02-22 13:52:10,R_3dFZMP01T5473kr,,,,,36.8272,-119.6805,anonymous,EN,Yes,Undecided,Yes,Yes,Undecided,Undecided,No,Yes,Undecided,Undecided,Undecided,Yes,Yes,Yes,Undecided,No,Yes,No,,,,Neither likely nor unlikely,603bef3bffe72f8b0a6b55c4
2023-02-22 13:49:51,2023-02-22 13:52:12,IP Address,50.24.7.175,100,141,True,2023-02-22 13:52:13,R_1JVEReZWGM2tCpn,,,,,38.3274,-81.669,anonymous,EN,Yes,No,Yes,Yes,No,Yes,Undecided,Undecided,Yes,Undecided,No,Undecided,No,Undecided,Yes,Undecided,Undecided,No,Neither likely nor unlikely,,,,5fcc103fb2ab80a01f32f7ae
2023-02-22 13:49:34,2023-02-22 13:53:02,IP Address,70.117.233.74,100,208,True,2023-02-22 13:53:03,R_1SnwuMSEAJlODUR,,,,,33.8925,-98.5293,anonymous,EN,Undecided,Yes,No,No,No,No,Yes,Yes,No,Yes,Yes,Undecided,Undecided,Yes,Yes,Undecided,No,Undecided,Neither likely nor unlikely,,,,604b682a8b6ed9694d8e48aa
2023-02-22 13:50:45,2023-02-22 13:54:48,IP Address,74.192.161.163,100,243,True,2023-02-22 13:54:48,R_1g89qNYySrvycmi,,,,,30.6411,-97.7511,anonymous,EN,Yes,Undecided,Yes,Yes,No,Yes,No,Yes,No,Undecided,No,Yes,No,Undecided,Yes,Yes,No,No,Somewhat likely,,,,5a9dd8b1873cda00010d18c5
2023-02-22 13:49:20,2023-02-22 13:59:43,IP Address,71.217.35.8,100,622,True,2023-02-22 13:59:43,R_1E4ewHXzhlDwIOp,,,,,35.3106,-79.3472,anonymous,EN,Undecided,Undecided,No,Yes,Undecided,No,No,Undecided,Undecided,No,No,No,No,No,Undecided,No,No,No,,,,Neither likely nor unlikely,5ed427e3bcd0c00b58a177c0
2023-02-22 13:53:23,2023-02-22 14:07:21,IP Address,98.53.48.175,100,837,True,2023-02-22 14:07:21,R_3EShmgYzDaT3LK3,,,,,26.7172,-80.9492,anonymous,EN,Yes,Undecided,Yes,Yes,Undecided,Undecided,Undecided,No,Undecided,No,No,Undecided,No,No,Yes,Undecided,No,No,,Neither likely nor unlikely,,,57b9bafdfc23450001acc1ac
2023-02-26 12:55:03,2023-02-26 12:55:48,Survey Preview,,100,44,True,2023-02-26 12:55:49,R_3iPalwBXIysTCTy,,,,,42.0311,-87.6858,preview,EN,Yes,Undecided,Yes,Yes,Yes,Yes,Undecided,Undecided,No,Undecided,Yes,No,Yes,No,No,No,Yes,Yes,,,Neither likely nor unlikely,,
2023-02-28 10:08:32,2023-02-28 10:09:06,Survey Preview,,100,34,True,2023-02-28 10:09:07,R_QhM7mpvwRDAY4jn,,,,,42.055,-87.6951,preview,EN,Yes,Yes,Yes,Yes,No,No,No,Undecided,Yes,Undecided,No,No,No,No,Yes,Yes,Undecided,Undecided,Somewhat unlikely,,,,
2023-02-28 10:11:16,2023-02-28 10:13:40,IP Address,165.124.85.58,100,144,True,2023-02-28 10:13:41,R_3KrRrnAfYoqfFYt,,,,,42.055,-87.6951,anonymous,EN,No,Yes,No,No,Yes,No,Yes,Yes,No,Yes,Yes,No,No,Yes,Undecided,Yes,No,Undecided,,,,Somewhat unlikely,
2023-02-28 10:23:21,2023-02-28 10:26:15,IP Address,70.88.104.33,100,173,True,2023-02-28 10:26:15,R_Qj4N00EUMdg2MPn,,,,,42.208,-84.5488,anonymous,EN,Undecided,Yes,Yes,Yes,No,No,Yes,Yes,No,No,Yes,Yes,Undecided,Yes,Yes,No,Yes,No,,Neither likely nor unlikely,,,6107297587e064d1dec67331
2023-02-28 10:30:47,2023-02-28 10:31:48,IP Address,204.148.180.14,100,61,True,2023-02-28 10:31:49,R_3iCQ18BOvAsZuB0,,,,,36.0958,-79.2743,anonymous,EN,Yes,Yes,Yes,Undecided,No,Undecided,Yes,Yes,Yes,Undecided,Undecided,Yes,Undecided,Undecided,Yes,No,Yes,Undecided,,,Somewhat unlikely,,6026b640caa459045259cf0d
2023-02-28 10:38:53,2023-02-28 10:39:39,IP Address,173.244.134.124,100,46,True,2023-02-28 10:39:39,R_2y4rjBJOCn26Jxa,,,,,41.675,-93.7016,anonymous,EN,Undecided,Yes,Yes,Undecided,Yes,Undecided,Undecided,Undecided,Yes,Undecided,Undecided,Undecided,Undecided,Undecided,No,Undecided,Undecided,Undecided,Somewhat likely,,,,5fa012c9da74d501089f07c6
2023-02-28 10:40:05,2023-02-28 10:41:13,IP Address,73.120.90.218,100,68,True,2023-02-28 10:41:14,R_1F9ULTgLnkhVjqU,,,,,36.0084,-83.9705,anonymous,EN,Yes,Undecided,Yes,Yes,No,Undecided,No,Undecided,No,No,No,Yes,No,Undecided,Undecided,No,Yes,No,,,,Somewhat unlikely,60fefa8d26f46e84a295b223
2023-02-28 10:42:17,2023-02-28 10:43:27,IP Address,172.58.80.137,100,69,True,2023-02-28 10:43:27,R_3egz7ArxU7QA1tL,,,,,44.9856,-93.2655,anonymous,EN,Yes,No,Yes,Yes,No,Yes,Undecided,No,Yes,No,No,Yes,Yes,No,Yes,No,Yes,No,,,,Somewhat likely,5fd6810ed9f56d5ae7b9d260
2023-02-28 10:44:14,2023-02-28 10:45:29,IP Address,142.255.50.46,100,75,True,2023-02-28 10:45:30,R_10JjHCQepqpLeJT,,,,,40.7123,-74.0068,anonymous,EN,Undecided,No,Yes,Yes,Undecided,Yes,No,Undecided,Yes,Undecided,No,Yes,Yes,Undecided,Yes,Undecided,Yes,No,Extremely unlikely,,,,60fedd6bb9a423bc1c091b37
2023-02-28 10:42:34,2023-02-28 10:45:35,IP Address,24.112.194.214,100,180,True,2023-02-28 10:45:37,R_3I3IG60fsciOGDK,,,,,38.3284,-82.2475,anonymous,EN,Yes,Yes,No,Yes,No,No,Yes,Yes,No,No,Yes,No,Yes,Yes,No,Yes,No,No,,Somewhat likely,,,60e3e22444cf3ebee262e279
2023-02-28 10:44:41,2023-02-28 10:46:37,IP Address,107.77.207.11,100,116,True,2023-02-28 10:46:38,R_3FXUJ9xduCogF8l,,,,,41.8764,-87.6133,anonymous,EN,Undecided,Yes,Yes,Yes,Yes,Undecided,No,No,Yes,Yes,Yes,Undecided,No,Undecided,No,No,Yes,No,,,Somewhat unlikely,,5f1a2f57db39901281da7701
2023-02-28 10:45:30,2023-02-28 10:47:44,IP Address,70.244.36.200,100,133,True,2023-02-28 10:47:45,R_2TAIXWtDgZfCMSP,,,,,37.6199,-87.0542,anonymous,EN,Yes,Yes,Yes,Yes,No,Yes,Undecided,Yes,Yes,Yes,Yes,Yes,No,Undecided,No,Yes,Yes,No,,,,Extremely unlikely,63ded6e7db225b04b4cfa650
2023-02-28 10:46:49,2023-02-28 10:48:31,IP Address,162.17.242.121,100,101,True,2023-02-28 10:48:31,R_2Pj1cDn72vZjX0o,,,,,39.4722,-74.4566,anonymous,EN,Yes,Undecided,No,Yes,Yes,Yes,Yes,Yes,No,Yes,No,Yes,Yes,Yes,Yes,No,Yes,Yes,,,Extremely likely,,60ff7c79fa1c59a39ba279f7
2023-02-28 10:47:14,2023-02-28 10:48:38,IP Address,69.115.100.203,100,84,True,2023-02-28 10:48:39,R_SIuOjGhi8oG7nrP,,,,,40.544,-74.3521,anonymous,EN,Yes,No,Yes,Yes,No,Yes,Undecided,Undecided,Yes,No,No,Yes,No,Undecided,No,No,Undecided,No,Somewhat likely,,,,60bd186e1d5e1d11f128f538
2023-02-28 10:48:25,2023-02-28 10:49:14,IP Address,74.75.210.16,100,49,True,2023-02-28 10:49:14,R_2fBvMW8Drv6r9kl,,,,,44.5542,-69.6179,anonymous,EN,Yes,No,Yes,Yes,No,Yes,No,Undecided,Yes,Undecided,No,Yes,No,No,Undecided,No,Yes,No,,Neither likely nor unlikely,,,6320bccd179adc7c671421e5
2023-02-28 10:49:22,2023-02-28 10:52:37,IP Address,73.117.205.226,100,195,True,2023-02-28 10:52:38,R_2qw0wF4d4IORgxy,,,,,39.7886,-79.0222,anonymous,EN,No,Yes,Undecided,Yes,Yes,No,Undecided,Yes,No,Yes,Undecided,No,No,Yes,Undecided,Yes,No,Yes,,,,Somewhat unlikely,61001e0da44d884fa49cd3b6
2023-02-28 10:51:50,2023-02-28 10:52:56,IP Address,174.67.159.190,100,65,True,2023-02-28 10:52:56,R_2P1eMdMAqMJY7jK,,,,,36.175,-115.1372,anonymous,EN,Undecided,Yes,Yes,Yes,Undecided,Undecided,Undecided,Yes,Undecided,Undecided,No,Yes,No,Undecided,Undecided,Undecided,Yes,No,Somewhat unlikely,,,,5e3c6f48194a5205dc5fe366
2023-02-28 10:53:18,2023-02-28 10:55:49,IP Address,166.198.28.69,100,150,True,2023-02-28 10:55:49,R_3QJf8mAlgWD0Qrg,,,,,35.5144,-97.5865,anonymous,EN,Yes,Undecided,Yes,Yes,No,No,Yes,Yes,No,No,No,Yes,Yes,Yes,Yes,Yes,Yes,No,,,Somewhat unlikely,,63fe39cd075bd5283fad495d
2023-02-28 10:51:56,2023-02-28 10:56:06,IP Address,174.162.68.86,100,249,True,2023-02-28 10:56:06,R_2BaLn4Dwe73NWuP,,,,,42.2349,-85.9005,anonymous,EN,Yes,No,Yes,Yes,No,Yes,Undecided,No,No,No,No,Yes,Undecided,No,Yes,No,Undecided,No,,Neither likely nor unlikely,,,630ab689392291ba70d7fd3d
2023-02-28 10:55:07,2023-02-28 10:56:56,IP Address,172.58.121.25,100,109,True,2023-02-28 10:56:56,R_pxzu0Sj2QrErMuR,,,,,40.0326,-82.8799,anonymous,EN,Yes,No,No,Yes,No,No,No,No,Undecided,No,No,Yes,No,No,Yes,No,Yes,No,,,,Neither likely nor unlikely,60bae1ebe45be85442acce84
2023-02-28 10:55:25,2023-02-28 10:59:24,IP Address,107.77.202.52,100,238,True,2023-02-28 10:59:25,R_2TzbyRLJ7wLjSSi,,,,,38.894,-77.0365,anonymous,EN,Yes,Undecided,Yes,Undecided,No,Yes,Yes,Undecided,No,No,No,Yes,No,Undecided,Yes,Undecided,Undecided,No,,,Somewhat unlikely,,5e693502cec9061e5c76525a
2023-02-28 10:58:54,2023-02-28 11:00:07,IP Address,174.211.34.153,100,72,True,2023-02-28 11:00:07,R_a4Yh7mN6qZcM0Xn,,,,,42.4307,-83.3051,anonymous,EN,No,Yes,Yes,Undecided,Yes,No,Yes,Yes,Yes,No,Yes,Undecided,No,Yes,Yes,Undecided,No,No,Neither likely nor unlikely,,,,601f04fb235cb14020c7a96f
2023-02-28 11:00:39,2023-02-28 11:02:16,IP Address,130.245.192.5,100,97,True,2023-02-28 11:02:17,R_1KjYnAmnQK1OqLN,,,,,40.9076,-73.122,anonymous,EN,No,Yes,No,Yes,Yes,No,Yes,Yes,No,Yes,Yes,No,Yes,Yes,Yes,Yes,Yes,Yes,,Extremely likely,,,5efb5360f3f69c084c1ca850
2023-02-28 11:01:12,2023-02-28 11:02:38,IP Address,172.58.142.130,100,86,True,2023-02-28 11:02:39,R_WorlyFzaj8Pzv8Z,,,,,41.871,-87.6289,anonymous,EN,Undecided,Yes,No,Yes,No,No,Yes,Undecided,Undecided,No,Yes,Yes,Undecided,Yes,Yes,Undecided,Undecided,Yes,Somewhat likely,,,,5c281f7170d93a0001211396
2023-02-28 11:01:22,2023-02-28 11:02:52,IP Address,76.17.171.238,100,89,True,2023-02-28 11:02:53,R_z7jM4DyM8iN9eIp,,,,,44.7601,-93.2748,anonymous,EN,Yes,Undecided,Yes,No,Undecided,Yes,Undecided,No,Yes,No,No,Yes,No,No,Undecided,No,Yes,No,,,,Neither likely nor unlikely,628509244930455cbb7cfd4c
2023-02-28 11:01:11,2023-02-28 11:02:55,IP Address,72.179.0.245,100,103,True,2023-02-28 11:02:55,R_2R3ONiY8GHcHME1,,,,,30.2627,-97.7467,anonymous,EN,No,Yes,No,Yes,Yes,Yes,No,Yes,Yes,Yes,No,No,No,Yes,No,Undecided,Undecided,Yes,,,Neither likely nor unlikely,,60fe1423d21b18975b08d502
2023-02-28 11:02:18,2023-02-28 11:03:01,IP Address,159.250.218.234,100,42,True,2023-02-28 11:03:02,R_3Gr1ZiApeGaq6sd,,,,,41.3253,-72.2108,anonymous,EN,Yes,Undecided,Yes,Yes,Undecided,Yes,No,Undecided,Yes,Undecided,No,Yes,No,Undecided,Yes,No,Yes,Undecided,,Extremely unlikely,,,5c6f00110b99a000018cc3c1
2023-02-28 11:01:20,2023-02-28 11:03:16,IP Address,172.56.104.111,100,115,True,2023-02-28 11:03:16,R_2c72vSVX16HCYKY,,,,,47.6034,-122.3414,anonymous,EN,Yes,No,Yes,Yes,No,Yes,No,No,Yes,No,No,Yes,No,No,Yes,No,Yes,No,,Somewhat unlikely,,,5e507b71b0c66e0d228c0af7
2023-02-28 11:01:40,2023-02-28 11:03:18,IP Address,174.195.134.37,100,97,True,2023-02-28 11:03:18,R_3I9tD8PIndimYG3,,,,,33.9249,-117.4592,anonymous,EN,No,Yes,No,No,No,No,Yes,Yes,No,No,Yes,Yes,Yes,Yes,No,Yes,Yes,No,,,Somewhat unlikely,,63e51f33edeebfa7950e7dc1
2023-02-28 11:01:45,2023-02-28 11:03:18,IP Address,108.211.159.34,100,93,True,2023-02-28 11:03:18,R_3Ehay87IokqHc1T,,,,,38.8025,-90.3448,anonymous,EN,Yes,No,Yes,Yes,No,Yes,No,No,No,Undecided,No,Yes,No,Yes,Yes,Undecided,Yes,No,,,,Somewhat unlikely,581ed572115ee9000179b44d
2023-02-28 11:02:26,2023-02-28 11:03:21,IP Address,184.153.176.4,100,54,True,2023-02-28 11:03:21,R_2y939Bjgu0sBrCV,,,,,43.6842,-70.2816,anonymous,EN,Yes,Yes,Yes,Undecided,Yes,Undecided,Yes,Yes,No,Undecided,Undecided,Yes,Yes,Yes,Undecided,Undecided,Undecided,No,,Somewhat likely,,,607af88809e0375d46cffbd2
2023-02-28 11:02:19,2023-02-28 11:03:21,IP Address,163.116.157.61,100,61,True,2023-02-28 11:03:22,R_1lyJPbtB4xphv50,,,,,40.7425,-73.9877,anonymous,EN,Yes,Yes,Yes,No,No,Yes,Undecided,No,Undecided,No,Undecided,Yes,Yes,Undecided,Yes,No,Yes,No,Neither likely nor unlikely,,,,5e13e0232d2185a20d9c3b4f
2023-02-28 11:02:11,2023-02-28 11:03:39,IP Address,64.62.149.73,100,87,True,2023-02-28 11:03:39,R_WoBdlNm5yYHWUy5,,,,,44.9764,-93.224,anonymous,EN,No,Yes,Yes,Yes,No,Yes,Undecided,Undecided,Yes,Undecided,Yes,Yes,Yes,Yes,Yes,Undecided,Yes,No,,,Somewhat likely,,63ea5dfd28a155d87a52140a
2023-02-28 11:02:32,2023-02-28 11:03:51,IP Address,73.90.158.155,100,79,True,2023-02-28 11:03:51,R_2X0uHESGpt4etrE,,,,,36.7405,-119.7508,anonymous,EN,Yes,Undecided,No,No,No,No,Undecided,Yes,No,No,Yes,Yes,No,Undecided,No,Undecided,Yes,No,,,,Somewhat unlikely,62baf827477e9d1a60c5b66d
2023-02-28 11:02:08,2023-02-28 11:03:53,IP Address,104.1.29.253,100,105,True,2023-02-28 11:03:54,R_PXVjtBC8L3qprEJ,,,,,41.5039,-88.2152,anonymous,EN,No,Yes,Yes,No,Yes,Yes,Yes,Yes,Yes,Undecided,Yes,No,No,Yes,Yes,Yes,No,Undecided,Neither likely nor unlikely,,,,60fffb806a0f91b61a38d8af
2023-02-28 11:02:29,2023-02-28 11:04:01,IP Address,195.252.220.24,100,92,True,2023-02-28 11:04:01,R_rrL49P6kzy1dUyZ,,,,,40.4444,-86.9256,anonymous,EN,No,Yes,Yes,Undecided,Undecided,Yes,No,Yes,Yes,Yes,Undecided,Yes,No,Yes,Yes,Yes,Yes,No,,,,Somewhat likely,62e3fc91bf734f6dbbc0ca15
2023-02-28 11:03:01,2023-02-28 11:04:33,IP Address,71.209.206.33,100,92,True,2023-02-28 11:04:34,R_2DYNJzK25WcRgb8,,,,,33.508,-112.0995,anonymous,EN,Yes,Yes,No,Yes,No,No,No,No,No,No,No,No,Yes,No,No,No,No,No,Neither likely nor unlikely,,,,62e32e3f9b344613c0350376
2023-02-28 11:03:11,2023-02-28 11:04:42,IP Address,157.93.254.193,100,91,True,2023-02-28 11:04:43,R_2TMH7faiSMseJbK,,,,,42.4881,-71.2758,anonymous,EN,No,Yes,No,No,Yes,Yes,Yes,Undecided,No,Yes,Yes,No,No,Yes,No,Yes,Yes,Yes,,Somewhat likely,,,5e1b71aa7e18273a261b64b7
2023-02-28 11:03:10,2023-02-28 11:04:43,IP Address,184.54.70.241,100,92,True,2023-02-28 11:04:43,R_Zfv4LHHcbfSTnYl,,,,,39.1246,-84.4867,anonymous,EN,Yes,No,Yes,Yes,No,Yes,No,No,Yes,No,No,Yes,No,No,Yes,No,Yes,No,,,Somewhat likely,,5a9906cb35237b00011284c0
2023-02-28 11:03:39,2023-02-28 11:05:00,IP Address,76.214.139.184,100,80,True,2023-02-28 11:05:01,R_2fjngzCNy6dg9EW,,,,,42.2807,-83.7801,anonymous,EN,No,Yes,Yes,Yes,No,Undecided,No,Yes,Yes,Undecided,No,No,No,Undecided,Yes,Undecided,No,No,Somewhat unlikely,,,,5cb5e31e7f36f00001e8dc09
2023-02-28 11:02:49,2023-02-28 11:05:01,IP Address,216.207.240.34,100,131,True,2023-02-28 11:05:01,R_3ebkr66Nd3XsHrM,,,,,36.3125,-82.377,anonymous,EN,Yes,Yes,Yes,Undecided,No,Yes,Undecided,Yes,No,Yes,Yes,Yes,Yes,Yes,Yes,No,Yes,No,,Somewhat likely,,,5bf1de72b02ac50001c72b28
2023-02-28 11:03:09,2023-02-28 11:05:07,IP Address,104.1.234.90,100,118,True,2023-02-28 11:05:08,R_3MsNJZIBvVPUMH6,,,,,32.4984,-85.0184,anonymous,EN,Yes,No,Yes,Yes,No,Yes,No,No,Yes,No,Undecided,No,No,No,Yes,No,Yes,No,,,,Neither likely nor unlikely,5dd3ddf0cf8e7e3c6ad10654
2023-02-28 11:03:58,2023-02-28 11:05:09,IP Address,72.199.50.50,100,70,True,2023-02-28 11:05:10,R_24hBA9vOW355bTi,,,,,32.6917,-117.1151,anonymous,EN,Yes,Yes,Undecided,Yes,Undecided,No,Undecided,Undecided,Yes,Undecided,Undecided,No,No,Undecided,Undecided,Undecided,Undecided,Undecided,,,Neither likely nor unlikely,,6102dc69fe9b452795eb3d72
2023-02-28 11:04:43,2023-02-28 11:05:15,IP Address,128.230.180.57,100,31,True,2023-02-28 11:05:15,R_sQZqKtjaicW9o3f,,,,,43.0389,-76.0988,anonymous,EN,Yes,Yes,Yes,Undecided,Yes,Yes,No,Yes,Yes,No,Yes,Yes,Yes,Yes,Yes,Undecided,No,Yes,Extremely likely,,,,5f321626391a8616667e3505
2023-02-28 11:03:50,2023-02-28 11:05:27,IP Address,173.90.243.206,100,96,True,2023-02-28 11:05:27,R_3KZbl9iRmQnpfYd,,,,,41.3893,-81.3049,anonymous,EN,Yes,Yes,Yes,Yes,No,No,Undecided,No,No,No,No,Undecided,Yes,Yes,Yes,No,Yes,No,,Somewhat likely,,,628f73541d00d2b286286773
2023-02-28 11:04:01,2023-02-28 11:05:28,IP Address,174.207.227.93,100,86,True,2023-02-28 11:05:28,R_2AWDz9dMeM22c2o,,,,,39.8378,-84.1111,anonymous,EN,Yes,Yes,Undecided,Yes,Undecided,Yes,No,No,Undecided,No,Yes,Yes,No,Undecided,Undecided,No,Yes,No,,,,Somewhat likely,611aa89a8d790ef5a118c2a4
2023-02-28 11:03:49,2023-02-28 11:05:39,IP Address,76.35.212.14,100,110,True,2023-02-28 11:05:40,R_1d5MXKvZQPY4nq5,,,,,41.4722,-81.745,anonymous,EN,Yes,No,Undecided,Yes,No,Undecided,No,No,Yes,No,No,Yes,Yes,No,Yes,No,Yes,No,Neither likely nor unlikely,,,,5eb24b26f30ede1a6ae46c14
2023-02-28 11:03:36,2023-02-28 11:05:47,IP Address,73.159.211.92,100,130,True,2023-02-28 11:05:47,R_pgzBAy2Eks1ypYl,,,,,41.2686,-72.9651,anonymous,EN,Yes,Undecided,Yes,Yes,Undecided,No,Undecided,No,No,No,No,Yes,No,No,No,No,Yes,No,,,Somewhat likely,,56cb15ad64c068000b4d7ca5
2023-02-28 11:04:19,2023-02-28 11:05:47,IP Address,73.200.186.41,100,88,True,2023-02-28 11:05:48,R_sZordGu61IaVChP,,,,,39.2124,-76.8776,anonymous,EN,Yes,No,No,Yes,No,No,No,No,Yes,No,No,Yes,No,No,No,No,Yes,No,,,Extremely unlikely,,5b18248744127b00013f90ce
2023-02-28 11:04:46,2023-02-28 11:05:48,IP Address,152.3.34.59,100,62,True,2023-02-28 11:05:49,R_3h0mvEVR44XE4wB,,,,,35.961,-78.9291,anonymous,EN,No,Yes,Yes,Yes,No,Undecided,Yes,Yes,No,Undecided,No,Yes,Yes,Undecided,Yes,Yes,Yes,No,,,Somewhat likely,,63d1edb5f510c29def2d4310
2023-02-28 11:04:11,2023-02-28 11:05:50,IP Address,35.145.157.9,100,99,True,2023-02-28 11:05:51,R_eJ3ETC4C35WgwUN,,,,,27.947,-82.7943,anonymous,EN,Yes,Yes,No,Yes,Undecided,No,Yes,Yes,No,No,No,Yes,No,Yes,No,Undecided,Yes,No,,,,Neither likely nor unlikely,5d4cd3afa6393e0001bfa7e4
2023-02-28 11:03:44,2023-02-28 11:05:55,IP Address,209.252.248.215,100,131,True,2023-02-28 11:05:56,R_8dL4cECs5spQ1UZ,,,,,42.9366,-75.8352,anonymous,EN,Yes,Yes,Yes,No,Undecided,Yes,Undecided,Yes,Yes,No,No,Yes,Undecided,Undecided,Yes,No,Yes,Undecided,,Neither likely nor unlikely,,,60ff5fb6cbf1bb7de9bf2801
2023-02-28 11:04:36,2023-02-28 11:06:05,IP Address,184.91.173.196,100,88,True,2023-02-28 11:06:05,R_1q3NGA5Bxn1cK3N,,,,,28.0318,-80.5958,anonymous,EN,No,No,Undecided,Yes,No,No,No,Yes,No,No,Undecided,Yes,Undecided,Yes,Yes,No,Yes,Undecided,,,,Somewhat likely,5e89cbf523211165eb16619f
2023-02-28 11:02:15,2023-02-28 11:06:33,IP Address,70.119.241.37,100,257,True,2023-02-28 11:06:34,R_PFplF10uKoSNDiN,,,,,32.7797,-96.8022,anonymous,EN,Undecided,Yes,Undecided,No,Undecided,Yes,No,Undecided,Yes,Undecided,Undecided,Undecided,Undecided,Yes,No,No,No,Undecided,,Extremely likely,,,63ea5eb2ae2c64f147229d32
2023-02-28 11:05:04,2023-02-28 11:06:44,IP Address,70.57.99.199,100,99,True,2023-02-28 11:06:44,R_2YQcfyZyGmJKj0h,,,,,39.2171,-95.4383,anonymous,EN,Yes,Undecided,Yes,Yes,No,Yes,Undecided,Yes,Yes,Undecided,No,Yes,No,Yes,Yes,Undecided,Yes,Undecided,Neither likely nor unlikely,,,,610820f8cc357db69daa892a
2023-02-28 11:02:08,2023-02-28 11:07:00,IP Address,75.15.183.107,100,292,True,2023-02-28 11:07:01,R_2Wxm6ovQI5lR0SU,,,,,34.2576,-83.7732,anonymous,EN,Yes,Undecided,Yes,Yes,No,Undecided,No,No,Yes,No,No,Yes,No,Undecided,No,Undecided,Yes,No,,,Somewhat likely,,5e88b3fdf4f8e85445344c60
2023-02-28 11:04:58,2023-02-28 11:07:02,IP Address,173.47.225.72,100,124,True,2023-02-28 11:07:03,R_3oNuBlK7Ru1gJ4N,,,,,33.578,-96.1873,anonymous,EN,Yes,No,Undecided,Yes,No,No,No,No,Undecided,No,No,No,Undecided,No,No,No,Undecided,No,,Somewhat likely,,,565b530110593c0005ff97e4
2023-02-28 11:05:18,2023-02-28 11:07:03,IP Address,65.245.181.196,100,105,True,2023-02-28 11:07:04,R_eLk4YoSRrmE2QEh,,,,,38.4365,-92.8258,anonymous,EN,Yes,Undecided,Yes,Yes,Undecided,Yes,No,No,Yes,Undecided,No,Yes,Undecided,No,Undecided,No,Undecided,No,,Somewhat likely,,,5beca802fcb5fe0001259b62
2023-02-28 11:04:31,2023-02-28 11:07:06,IP Address,75.45.45.176,100,154,True,2023-02-28 11:07:06,R_3IYOqT0BWTNTg8f,,,,,38.6711,-121.1495,anonymous,EN,Yes,Undecided,No,No,Undecided,No,Yes,Undecided,Undecided,Undecided,Undecided,No,Yes,Undecided,Yes,No,No,Yes,Extremely unlikely,,,,63f779127615013e0c299234
2023-02-28 11:05:12,2023-02-28 11:07:07,IP Address,108.205.7.191,100,114,True,2023-02-28 11:07:07,R_3enxu5UAqobLIdF,,,,,29.3627,-98.4886,anonymous,EN,Yes,Yes,Yes,Undecided,No,Yes,Yes,Yes,Undecided,Yes,No,Yes,No,Yes,Yes,Yes,Yes,No,,,,Somewhat likely,634392ff653d29e2770b3636
2023-02-28 11:05:18,2023-02-28 11:07:08,IP Address,172.58.28.205,100,110,True,2023-02-28 11:07:09,R_1CKMc9mqQyqz5kN,,,,,33.9449,-117.3834,anonymous,EN,Yes,Yes,No,Undecided,No,No,No,No,Undecided,Yes,No,Yes,No,No,Yes,No,Yes,No,,,,Extremely unlikely,63f00f2a930edc46bef00960
2023-02-28 11:05:10,2023-02-28 11:07:11,IP Address,136.34.141.123,100,121,True,2023-02-28 11:07:12,R_31h1DwbJLzXP37i,,,,,38.9201,-94.3999,anonymous,EN,Yes,Yes,Yes,No,Yes,Yes,Yes,Undecided,No,Undecided,Yes,Yes,Yes,Undecided,Yes,Yes,Yes,Yes,,,Somewhat unlikely,,561df8af3d7fe8000a0f6347
2023-02-28 11:05:50,2023-02-28 11:07:27,IP Address,174.208.164.104,100,97,True,2023-02-28 11:07:28,R_3I9RuLg32CmZ5O1,,,,,38.581,-121.4939,anonymous,EN,Yes,Undecided,No,Yes,No,No,Yes,Undecided,No,No,Undecided,Yes,No,Undecided,Undecided,No,No,No,Somewhat likely,,,,63f77fca96a1ed6dffa85d64
2023-02-28 11:05:50,2023-02-28 11:07:29,IP Address,96.231.111.17,100,99,True,2023-02-28 11:07:29,R_31a2PyJigufWGZ2,,,,,38.6326,-77.2661,anonymous,EN,Undecided,No,Yes,Yes,No,Yes,No,Undecided,Yes,Yes,No,Yes,No,Undecided,Yes,No,Yes,No,Neither likely nor unlikely,,,,5cf21b7b2456d90001ee8e40
2023-02-28 11:06:17,2023-02-28 11:07:47,IP Address,68.116.85.163,100,90,True,2023-02-28 11:07:47,R_8xg4IrnIiTY4L29,,,,,37.5855,-120.9453,anonymous,EN,Yes,Yes,Yes,Yes,No,No,No,Yes,No,No,No,Yes,Yes,Yes,No,Yes,Yes,No,,,,Somewhat likely,5c003b5c2c8cc1000138e25f
2023-02-28 11:04:34,2023-02-28 11:07:52,IP Address,184.56.86.62,100,197,True,2023-02-28 11:07:52,R_1ikw8Rc9mshhrcp,,,,,42.0753,-80.0671,anonymous,EN,Yes,No,Yes,Yes,No,Yes,Undecided,No,Yes,No,No,Yes,No,No,Yes,No,Yes,No,,Somewhat unlikely,,,5af238825847970001e34baf
2023-02-28 11:05:36,2023-02-28 11:08:00,IP Address,98.165.59.16,100,143,True,2023-02-28 11:08:00,R_3kMyrqwWShferjI,,,,,33.5339,-112.1722,anonymous,EN,Yes,Undecided,Yes,Yes,No,Yes,No,Yes,Yes,No,No,Yes,No,Yes,Yes,No,Yes,No,Somewhat unlikely,,,,5de30ab87292b632fe85729d
2023-02-28 11:06:47,2023-02-28 11:08:01,IP Address,45.3.72.4,100,74,True,2023-02-28 11:08:03,R_BDEQaCruCPMiOxH,,,,,37.2532,-80.4347,anonymous,EN,Yes,Yes,Yes,No,Yes,No,No,No,No,No,No,Yes,No,Undecided,No,No,Yes,No,,,,Somewhat likely,62a79736d35f0d55a77dc3b3
2023-02-28 11:07:15,2023-02-28 11:08:34,IP Address,67.48.150.224,100,78,True,2023-02-28 11:08:34,R_O0XDlAKW9o7l51D,,,,,26.2516,-98.2271,anonymous,EN,Yes,No,No,Yes,No,No,No,No,Undecided,No,No,Undecided,Undecided,No,No,No,Yes,No,,,Extremely unlikely,,5e455faf462e0802d9d9c3e2
2023-02-28 11:06:47,2023-02-28 11:08:47,IP Address,152.27.58.74,100,119,True,2023-02-28 11:08:48,R_2SviFNiQv8dEoty,,,,,35.6383,-79.8557,anonymous,EN,Yes,Undecided,Yes,Yes,No,Undecided,Yes,Yes,No,No,No,Undecided,Yes,Yes,Yes,No,Undecided,No,,Neither likely nor unlikely,,,62791cdd24547e791b2affe7
2023-02-28 11:07:04,2023-02-28 11:08:59,IP Address,67.168.91.82,100,115,True,2023-02-28 11:09:00,R_pFpvMzlqJQEhyhz,,,,,47.7027,-117.3702,anonymous,EN,No,Yes,Yes,No,Undecided,No,Yes,Yes,No,Undecided,Yes,Yes,No,Yes,Yes,Undecided,Yes,No,Somewhat likely,,,,5e2f3b0ea8f8534fbad2c251
2023-02-28 11:05:25,2023-02-28 11:09:17,IP Address,24.157.36.115,100,232,True,2023-02-28 11:09:17,R_31jFS44NOGMaHVE,,,,,40.6586,-73.6026,anonymous,EN,No,Yes,Yes,Undecided,Yes,Yes,No,Yes,Yes,Undecided,Undecided,No,No,Yes,No,No,No,Yes,,,Extremely unlikely,,6147daf2c176dc6980eb3108
2023-02-28 11:07:22,2023-02-28 11:09:19,IP Address,216.254.245.197,100,116,True,2023-02-28 11:09:19,R_2Ebf36Re2cNgLlI,,,,,43.5229,-96.786,anonymous,EN,Yes,No,Yes,Yes,No,Yes,No,Undecided,Yes,No,No,Yes,No,Undecided,Yes,No,Yes,No,,Somewhat unlikely,,,5b92b49921e7200001f530a0
2023-02-28 11:08:03,2023-02-28 11:09:32,IP Address,47.144.82.177,100,89,True,2023-02-28 11:09:34,R_ThEEv9QqNuWYwYV,,,,,34.0121,-117.6883,anonymous,EN,Yes,Yes,Yes,Yes,No,Yes,No,No,Yes,No,No,No,No,No,Yes,No,Yes,No,,,Neither likely nor unlikely,,5f07dba182caac000c48bc84
2023-02-28 11:07:21,2023-02-28 11:09:45,IP Address,72.109.62.140,100,143,True,2023-02-28 11:09:46,R_1Eb8eNg89P2u5wC,,,,,35.21,-80.8512,anonymous,EN,Yes,No,Yes,Yes,No,No,No,No,Yes,No,No,Yes,No,No,Yes,No,Yes,No,Somewhat unlikely,,,,5b6cf2c61b61b60001bc0678
2023-02-28 11:08:53,2023-02-28 11:09:51,IP Address,71.93.14.20,100,57,True,2023-02-28 11:09:51,R_rj78vDVFDftPi2B,,,,,46.2532,-119.2864,anonymous,EN,Yes,No,No,Yes,No,Undecided,Yes,No,No,No,No,Yes,No,Undecided,No,No,Yes,No,,Somewhat unlikely,,,6286575f2d911d52cff2db4e
2023-02-28 11:07:54,2023-02-28 11:10:11,IP Address,76.186.231.250,100,137,True,2023-02-28 11:10:12,R_UR7EoVC5zimQkXD,,,,,32.7797,-96.8022,anonymous,EN,Undecided,Yes,Yes,Yes,No,Undecided,Undecided,Yes,Undecided,No,No,Yes,Yes,Undecided,Yes,Yes,No,Undecided,,,,Extremely likely,5fd8dc106452e32d8397cf83
2023-02-28 11:08:51,2023-02-28 11:10:39,IP Address,107.5.16.27,100,108,True,2023-02-28 11:10:39,R_1BUWkgTSF4wk8OW,,,,,42.3695,-83.4769,anonymous,EN,Undecided,No,Yes,Yes,Undecided,Yes,Yes,Undecided,Yes,Undecided,No,Yes,Undecided,Undecided,Yes,No,Undecided,No,,,,Somewhat likely,588da085a2a9930001721bc8
2023-02-21 20:33:03,2023-02-21 20:33:13,IP Address,98.213.51.14,3,9,False,2023-02-28 20:33:13,R_1Tk13nISO8WUWdj,,,,,,,anonymous,EN,,,,,,,,,,,,,,,,,,,,,,,
